Rubric Name,Criteria Name,Criteria Description,Criteria Enable Range,Rating Name,Rating Description,Rating Points,Rating Name,Rating Description,Rating Points,Rating Name,Rating Description,Rating Points,Rating Name,Rating Description,Rating Points
Lab 00 – Local Setup and GitHub Workflow,Tools installed and verified,,false,Excellent,All three tools verified in terminal with correct versions,4,Proficient,Two of three verified,3,Developing,"One verified, others attempted",2,Incomplete,No verification shown,1
Lab 00 – Local Setup and GitHub Workflow,Repository setup,,false,Excellent,"Repo created in the course organization, invitation accepted, starter structure intact",4,Proficient,"Repo exists, some structure present",3,Developing,Repo exists but access/setup incomplete,2,Incomplete,No repo found,1
Lab 00 – Local Setup and GitHub Workflow,First commit and push,,false,Excellent,"Meaningful commit message, file visible on GitHub",4,Proficient,"File on GitHub, generic message",3,Developing,Pushed but incomplete,2,Incomplete,Not pushed,1
Lab 00 – Local Setup and GitHub Workflow,Smoke test,,false,Excellent,"All checklist items confirmed, including status and sync check",4,Proficient,Most items confirmed,3,Developing,Some items confirmed,2,Incomplete,Few or none confirmed,1
Lab 00 – Local Setup and GitHub Workflow,Reflection,,false,Excellent,"Specific, honest account of what worked and what broke",4,Proficient,Addresses the prompts briefly,3,Developing,Vague or one sentence,2,Incomplete,Missing,1
Lab 01 – Inspecting the Web,Elements analysis,,false,Excellent,Five elements per site with accurate semantic classification and purpose notes,4,Proficient,"Four elements, mostly accurate",3,Developing,"Two or three elements, classification inconsistent",2,Incomplete,One element or missing,1
Lab 01 – Inspecting the Web,Console expressions,,false,Excellent,"All three expressions run on both sites, results recorded and explained",4,Proficient,"Three expressions run, results recorded but not explained",3,Developing,One or two expressions recorded,2,Incomplete,No Console work,1
Lab 01 – Inspecting the Web,Network observation,,false,Excellent,First request details fully recorded for both sites; page weight noted,4,Proficient,One site's request recorded with some details,3,Developing,Partial network data,2,Incomplete,No network work,1
Lab 01 – Inspecting the Web,Own page inspection,,false,Excellent,"Error produced, message quoted and explained; textContent result correct",4,Proficient,"Error shown in screenshot, no explanation",3,Developing,Page opened in DevTools but no analysis,2,Incomplete,Not attempted,1
Lab 01 – Inspecting the Web,Reflection,,false,Excellent,Specific and honest; connects observation to chapter concepts,4,Proficient,Addresses prompts,3,Developing,Vague or generic,2,Incomplete,Missing,1
Lab 02 – Rebuilding a Responsive Layout,Semantic HTML,,false,Excellent,All sections use appropriate semantic elements; no <div> where a semantic element fits; labels connected to inputs,4,Proficient,Most sections semantic; one or two missed opportunities,3,Developing,Some semantic elements present; divs used for most structure,2,Incomplete,No semantic elements beyond default,1
Lab 02 – Rebuilding a Responsive Layout,Mobile-first CSS,,false,Excellent,Base styles target narrow viewport; min-width queries add layout; custom properties defined,4,Proficient,Base styles present; breakpoints work but not strictly mobile-first,3,Developing,CSS present but written desktop-first with overrides,2,Incomplete,Minimal or no CSS,1
Lab 02 – Rebuilding a Responsive Layout,Responsive behavior,,false,Excellent,"Layout adapts correctly at 375px, 600px, and 900px; tested in DevTools",4,Proficient,Adapts at two breakpoints,3,Developing,Partially responsive,2,Incomplete,Single fixed-width layout,1
Lab 02 – Rebuilding a Responsive Layout,Validation,,false,Excellent,Zero errors on validator.w3.org; screenshot provided,4,Proficient,1–2 minor errors,3,Developing,Several errors,2,Incomplete,Not validated,1
Lab 02 – Rebuilding a Responsive Layout,Keyboard accessibility,,false,Excellent,All interactive elements reachable and visually focused,4,Proficient,Most reachable,3,Developing,Some reachable,2,Incomplete,Not tested,1
Lab 02 – Rebuilding a Responsive Layout,Reflection,,false,Excellent,Specific answers to all three prompts,4,Proficient,Addresses two prompts,3,Developing,Vague or one prompt,2,Incomplete,Missing,1
Lab 03 – Console Exercises and Small Programs,Console experiments,,false,Excellent,"All expressions run, all results recorded, each explained in one sentence",4,Proficient,"All results recorded, no explanations",3,Developing,Results partially recorded,2,Incomplete,Missing,1
Lab 03 – Console Exercises and Small Programs,Exercise correctness,,false,Excellent,All four functions return correct output for all provided test cases including edge cases,4,Proficient,Three functions correct,3,Developing,Two functions correct,2,Incomplete,One or zero,1
Lab 03 – Console Exercises and Small Programs,Code quality,,false,Excellent,const used correctly; === used throughout; functions named clearly; no var,4,Proficient,Minor style issues,3,Developing,var used or == present,2,Incomplete,Significant issues,1
Lab 03 – Console Exercises and Small Programs,Debugging,,false,Excellent,All three bugs found and fixed; error message quoted and explained for each,4,Proficient,Two bugs fixed with explanation,3,Developing,One bug fixed,2,Incomplete,Not attempted,1
Lab 03 – Console Exercises and Small Programs,Reflection,,false,Excellent,Specific and honest; references actual results,4,Proficient,Addresses both prompts,3,Developing,Vague,2,Incomplete,Missing,1
Lab 04 – Form Logic and Decision Trees,Trail recommender,,false,Excellent,Correctly filters by all three criteria; handles no-match case; validation catches all invalid inputs,4,Proficient,Filters by two criteria; some validation,3,Developing,"Basic filtering, no validation",2,Incomplete,Not functional,1
Lab 04 – Form Logic and Decision Trees,Distance table,,false,Excellent,Table renders correctly for valid inputs; guard clauses catch both invalid conditions,4,Proficient,Table renders; one guard clause missing,3,Developing,Table renders but no validation,2,Incomplete,Not functional,1
Lab 04 – Form Logic and Decision Trees,Function separation,,false,Excellent,"Logic, rendering, and validation in separate named functions; no anonymous handlers",4,Proficient,Some separation,3,Developing,All logic in one handler,2,Incomplete,No named functions,1
Lab 04 – Form Logic and Decision Trees,DOM safety,,false,Excellent,createElement and textContent used throughout; no innerHTML,4,Proficient,Mostly safe; one innerHTML for static content,3,Developing,innerHTML used for dynamic content,2,Incomplete,Significant innerHTML misuse,1
Lab 04 – Form Logic and Decision Trees,Reflection,,false,Excellent,Specific; addresses all three prompts,4,Proficient,Addresses two prompts,3,Developing,Vague,2,Incomplete,Missing,1
Lab 05 – Build a Product Data Explorer,Data functions,,false,Excellent,All four functions correct and pure; source array never mutated,4,Proficient,Three functions correct,3,Developing,Two correct,2,Incomplete,One or zero,1
Lab 05 – Build a Product Data Explorer,Rendering functions,,false,Excellent,Cards render all fields correctly; empty state handled; no innerHTML,4,Proficient,Cards render; one field missing or innerHTML used,3,Developing,Cards render but incomplete,2,Incomplete,Not functional,1
Lab 05 – Build a Product Data Explorer,Filter and sort,,false,Excellent,Both controls work independently and together; active filter persists across sort changes,4,Proficient,Both controls work separately,3,Developing,One control works,2,Incomplete,Neither works,1
Lab 05 – Build a Product Data Explorer,CSS layout,,false,Excellent,Responsive grid; out-of-stock styling distinct; disabled button styled,4,Proficient,Responsive grid; no out-of-stock styling,3,Developing,Single-column layout,2,Incomplete,No meaningful CSS,1
Lab 05 – Build a Product Data Explorer,Reflection,,false,Excellent,Specific; addresses all three prompts,4,Proficient,Two prompts addressed,3,Developing,Vague,2,Incomplete,Missing,1
Lab 06 – Interactive FAQ and Tabs,Accordion behavior,,false,Excellent,Open/close works; only one panel open at a time; aria-expanded accurate,4,Proficient,Open/close works; multiple panels can open simultaneously,3,Developing,Open works; close doesn't,2,Incomplete,Not functional,1
Lab 06 – Interactive FAQ and Tabs,Tab behavior,,false,Excellent,Tabs switch panels correctly; all three panels reachable; aria-selected accurate,4,Proficient,Tabs switch; ARIA not updated,3,Developing,Partially working,2,Incomplete,Not functional,1
Lab 06 – Interactive FAQ and Tabs,ARIA attributes,,false,Excellent,"aria-expanded, aria-controls, aria-selected, role=""tab"", role=""tabpanel"" all present and accurate, and tabindex reflects the selected tab",4,Proficient,Most ARIA present,3,Developing,Some ARIA present,2,Incomplete,No ARIA,1
Lab 06 – Interactive FAQ and Tabs,Event delegation,,false,Excellent,One listener per component on a parent; event.target.matches() or .closest() used,4,Proficient,Two listeners per component,3,Developing,Individual listeners on each button,2,Incomplete,No event delegation,1
Lab 06 – Interactive FAQ and Tabs,Keyboard accessibility,,false,Excellent,Accordion headers reachable by Tab and activatable by Enter/Space; tablist uses roving tabindex with working Left/Right (and Home/End) arrow navigation,4,Proficient,"Both components keyboard-operable; arrow navigation present but incomplete (no wrap, or no Home/End)",3,Developing,"Everything reachable by Tab, but the tablist has no arrow-key navigation",2,Incomplete,Not tested,1
Lab 06 – Interactive FAQ and Tabs,Reflection,,false,Excellent,Specific; addresses all three prompts,4,Proficient,Two prompts addressed,3,Developing,Vague,2,Incomplete,Missing,1
Lab 07 – Accessible Form Validation,Validation logic,,false,Excellent,"All five validators correct including edge cases (optional phone, student ID format)",4,Proficient,Four validators correct,3,Developing,Two or three correct,2,Incomplete,One or zero,1
Lab 07 – Accessible Form Validation,Error display,,false,Excellent,Errors shown with correct text; aria-invalid set; cleared when fixed,4,Proficient,Errors shown; ARIA not updated,3,Developing,Errors shown but not cleared,2,Incomplete,No error display,1
Lab 07 – Accessible Form Validation,Validation timing,,false,Excellent,Blur validation on name/email; full validation on submit; first invalid field focused,4,Proficient,Submit validation only,3,Developing,Partial submit validation,2,Incomplete,No event handling,1
Lab 07 – Accessible Form Validation,Confirmation flow,,false,Excellent,Form hidden; confirmation shown with correct summary; focus moved to confirmation,4,Proficient,Confirmation shown; no focus management,3,Developing,Some success handling,2,Incomplete,No confirmation,1
Lab 07 – Accessible Form Validation,Accessibility,,false,Excellent,"aria-describedby, aria-live, aria-invalid; keyboard navigable; color not only error indicator",4,Proficient,Most ARIA present; keyboard works,3,Developing,Some ARIA,2,Incomplete,No ARIA,1
Lab 07 – Accessible Form Validation,Reflection,,false,Excellent,Specific; all three prompts addressed,4,Proficient,Two prompts,3,Developing,Vague,2,Incomplete,Missing,1
Lab 08 – Build an API-Powered Viewer,Fetch and error handling,,false,Excellent,"response.ok checked; try/catch/finally used; all three states (loading, success, error) handled",4,Proficient,Two states handled; response.ok checked,3,Developing,One state handled,2,Incomplete,No error handling,1
Lab 08 – Build an API-Powered Viewer,Data normalization,,false,Excellent,normalizeBooks protects against missing fields; all three properties normalized,4,Proficient,Two properties normalized,3,Developing,One property normalized,2,Incomplete,No normalization,1
Lab 08 – Build an API-Powered Viewer,Rendering,,false,Excellent,Cards render all three fields; empty state shown; createElement used; no innerHTML,4,Proficient,Cards render; one issue,3,Developing,Partial render,2,Incomplete,Not functional,1
Lab 08 – Build an API-Powered Viewer,Accessible async,,false,Excellent,aria-live on results region; loading and error messages text-based and readable,4,Proficient,aria-live present,3,Developing,Partially accessible,2,Incomplete,No accessible state management,1
Lab 08 – Build an API-Powered Viewer,CSS,,false,Excellent,Responsive grid; three status states visually distinct,4,Proficient,Responsive; two states distinct,3,Developing,Single column; minimal distinction,2,Incomplete,No meaningful CSS,1
Lab 08 – Build an API-Powered Viewer,Reflection,,false,Excellent,Specific; all three prompts addressed,4,Proficient,Two prompts,3,Developing,Vague,2,Incomplete,Missing,1
Lab 09 – Preference Panels and Saved UI Settings,localStorage read/write,,false,Excellent,setItem/getItem with JSON.stringify/JSON.parse; null handled; try/catch on both read (parse) and write (quota exceeded); storage warning shown,4,Proficient,Read/write works; one edge case (null or quota) not handled,3,Developing,Write works; read partially works,2,Incomplete,Not functional,1
Lab 09 – Preference Panels and Saved UI Settings,Preference application,,false,Excellent,Classes swapped correctly for all three categories; no inline styles,4,Proficient,Two categories work,3,Developing,One category works,2,Incomplete,Not functional,1
Lab 09 – Preference Panels and Saved UI Settings,Page load behavior,,false,Excellent,Preferences applied in DOMContentLoaded before render; no visible flash,4,Proficient,Applied at load but with minor flash,3,Developing,Applied after a delay,2,Incomplete,Not applied at load,1
Lab 09 – Preference Panels and Saved UI Settings,Reset,,false,Excellent,"Resets all three preferences in storage, DOM, and radio buttons",4,Proficient,Resets two of three,3,Developing,Partially resets,2,Incomplete,Not implemented,1
Lab 09 – Preference Panels and Saved UI Settings,DevTools verification,,false,Excellent,All five DevTools checks completed and documented in notes,4,Proficient,Three checks documented,3,Developing,One check documented,2,Incomplete,Not documented,1
Lab 09 – Preference Panels and Saved UI Settings,Reflection,,false,Excellent,Specific; all three prompts addressed,4,Proficient,Two prompts,3,Developing,Vague,2,Incomplete,Missing,1
Lab 10 – Convert a Script Bundle into Modules,Module structure,,false,Excellent,All five files present with correct responsibilities; one-sentence comments in each,4,Proficient,Four files; mostly correct,3,Developing,Three files; some responsibilities mixed,2,Incomplete,Single file,1
Lab 10 – Convert a Script Bundle into Modules,Import/export,,false,Excellent,Named exports on all public functions; no global variables; imports use correct relative paths,4,Proficient,Exports present; one global remains,3,Developing,Partial imports/exports,2,Incomplete,No module syntax,1
Lab 10 – Convert a Script Bundle into Modules,Functionality,,false,Excellent,App works identically to the bundle; filter works for all categories,4,Proficient,App works; one filter issue,3,Developing,App partially works,2,Incomplete,App broken,1
Lab 10 – Convert a Script Bundle into Modules,Build,,false,Excellent,npm run build completes; dist/ excluded from git,4,Proficient,Build completes; dist committed,3,Developing,Build attempted,2,Incomplete,Not built,1
Lab 10 – Convert a Script Bundle into Modules,Reflection,,false,Excellent,Specific; all three prompts addressed,4,Proficient,Two prompts,3,Developing,Vague,2,Incomplete,Missing,1
Lab 11 – Vue UI Card System,MemberCard component,,false,Excellent,All four props typed with defineProps; all fields rendered; disabled button; status class,4,Proficient,Three props; most fields rendered,3,Developing,Two props; some rendering,2,Incomplete,Not componentized,1
Lab 11 – Vue UI Card System,Reactivity,,false,Excellent,computed for filtering; both filter controls update the DOM automatically,4,Proficient,Computed used; one filter works,3,Developing,One filter works with direct logic,2,Incomplete,Manual DOM updates,1
Lab 11 – Vue UI Card System,v-for and :key,,false,Excellent,Both v-for loops have correct :key values,4,Proficient,One loop missing :key,3,Developing,:key absent,2,Incomplete,No v-for,1
Lab 11 – Vue UI Card System,v-if / empty state,,false,Excellent,"v-if on grid, v-else empty state, both work correctly",4,Proficient,v-if works; no empty state,3,Developing,Partial conditional,2,Incomplete,No conditional rendering,1
Lab 11 – Vue UI Card System,Accessibility,,false,Excellent,aria-live on count; aria-pressed on filter buttons; aria-disabled on card button,4,Proficient,Two of three ARIA attributes,3,Developing,One,2,Incomplete,None,1
Lab 11 – Vue UI Card System,Reflection,,false,Excellent,Specific; all three prompts addressed,4,Proficient,Two prompts,3,Developing,Vague,2,Incomplete,Missing,1
Lab 12 – Small Data Dashboard,Computed filtering,,false,Excellent,All four filters work via computed; no manual DOM updates; all filters combine correctly,4,Proficient,Three filters in computed,3,Developing,Two filters; one manual DOM update,2,Incomplete,No computed filtering,1
Lab 12 – Small Data Dashboard,Summary panel,,false,Excellent,All five stats correct; derived from filtered data; updates with each filter change,4,Proficient,Four stats correct; one not filtered,3,Developing,Stats present but use full dataset,2,Incomplete,No summary,1
Lab 12 – Small Data Dashboard,Component structure,,false,Excellent,Two child components with correct defineProps; data flows parent → child via props and child → parent via defineEmits; no child mutates a prop,4,Proficient,Two components with props and emits; a prop type or emit declaration missing,3,Developing,"One component extracted, or the child resets filter state directly instead of emitting",2,Incomplete,Everything in App.vue,1
Lab 12 – Small Data Dashboard,Accessibility,,false,Excellent,aria-live on summary; table uses scope; empty state present,4,Proficient,Two of three,3,Developing,One,2,Incomplete,None,1
Lab 12 – Small Data Dashboard,Edge cases,,false,Excellent,"Empty filter result shows message; summary shows ""N/A"" when count is 0",4,Proficient,Empty state only,3,Developing,Edge cases attempted but broken or inconsistent,2,Incomplete,No edge case handling,1
Lab 12 – Small Data Dashboard,Reflection,,false,Excellent,Specific; all three prompts addressed,4,Proficient,Two prompts,3,Developing,Vague,2,Incomplete,Missing,1
"Lab 13 – Lighthouse, Accessibility, and Deployment",Baseline audit,,false,Excellent,Lighthouse run on deployed site; all four scores documented; screenshot provided,4,Proficient,Three scores documented; screenshot present,3,Developing,Scores documented; no screenshot,2,Incomplete,No audit,1
"Lab 13 – Lighthouse, Accessibility, and Deployment",Issue documentation,,false,Excellent,Six issues documented with plain-language explanation and affected elements,4,Proficient,Four or five issues,3,Developing,Two or three issues,2,Incomplete,Fewer than two,1
"Lab 13 – Lighthouse, Accessibility, and Deployment",Fixes,,false,Excellent,"Five issues fixed; each fix documented with file, line, and explanation",4,Proficient,Four fixes documented,3,Developing,Two or three fixes,2,Incomplete,One or zero,1
"Lab 13 – Lighthouse, Accessibility, and Deployment",Final audit,,false,Excellent,Re-audit run; final scores documented; Accessibility ≥ 90 achieved,4,Proficient,Accessibility 75–89,3,Developing,Accessibility 60–74,2,Incomplete,No re-audit,1
"Lab 13 – Lighthouse, Accessibility, and Deployment",Manual walkthrough,,false,Excellent,All six checklist items verified; screen reader test documented,4,Proficient,Four items verified,3,Developing,Two items,2,Incomplete,Not completed,1
"Lab 13 – Lighthouse, Accessibility, and Deployment",Reflection,,false,Excellent,Specific; all three prompts addressed,4,Proficient,Two prompts,3,Developing,Vague,2,Incomplete,Missing,1
Assignment 1 – Responsive Content Page,Semantic HTML,,false,Excellent,"All required elements present; element choices reflect meaning, not appearance; no presentational markup",4,Proficient,"Most required elements present; minor misuse (e.g., one <div> where semantic element would work)",3,Developing,Some required elements present; several semantic errors,2,Incomplete,Missing major elements; heavy <div> use throughout,1
Assignment 1 – Responsive Content Page,Mobile-first CSS,,false,Excellent,Base styles correct at 375px; min-width query adds meaningful layout; custom properties used for all design values,4,Proficient,Responsive at most sizes; custom properties used; minor mobile issue,3,Developing,Some responsiveness; few custom properties; starts desktop-first,2,Incomplete,Not responsive; no custom properties,1
Assignment 1 – Responsive Content Page,Layout technique,,false,Excellent,Flexbox or Grid used correctly for at least one layout; layout does not break at intermediate sizes,4,Proficient,Flexbox or Grid used; minor layout issue at some size,3,Developing,Layout technique attempted but inconsistent,2,Incomplete,No Flexbox or Grid,1
Assignment 1 – Responsive Content Page,Accessibility,,false,Excellent,"lang, alt, contrast, label/id pairs, and heading hierarchy all correct",4,Proficient,Four of five criteria met,3,Developing,Two or three criteria met,2,Incomplete,One criterion met; significant accessibility issues,1
Assignment 1 – Responsive Content Page,Constraints and validation,,false,Excellent,"HTML validates at validator.w3.org with zero errors; no JavaScript, no CSS framework, no !important, no inline style, no table-based layout",4,Proficient,Validates with 1–2 minor warnings; all constraints respected,3,Developing,"Several validation errors, or one constraint broken",2,Incomplete,"Not validated, or multiple constraints broken",1
Assignment 1 – Responsive Content Page,Rationale,,false,Excellent,"Specific, honest, addresses all four prompts; demonstrates design thinking",4,Proficient,Addresses three prompts; some specificity,3,Developing,Addresses two prompts; vague,2,Incomplete,Missing or one sentence,1
Assignment 2 – Interactive Calculator,Calculation correctness,,false,Excellent,Correct results for all valid inputs including edge cases; output formatted meaningfully,4,Proficient,Correct for typical inputs; one edge case fails or formatting missing,3,Developing,Calculation works for basic case; multiple edge cases fail,2,Incomplete,Calculation incorrect or non-functional,1
Assignment 2 – Interactive Calculator,Function separation,,false,Excellent,"Pure calculation function, validation function, and render function each in separate named declarations; handler only orchestrates",4,Proficient,Two of three separated; minor mixing,3,Developing,Logic partially separated,2,Incomplete,All logic in one handler or anonymous function,1
Assignment 2 – Interactive Calculator,Validation,,false,Excellent,"All required error conditions caught; specific, field-named messages; aria-invalid and aria-describedby used",4,Proficient,Most conditions caught; messages vague or not linked to fields,3,Developing,Some validation; no ARIA,2,Incomplete,No validation,1
Assignment 2 – Interactive Calculator,Accessible output,,false,Excellent,aria-live on results; aria-describedby on error spans; aria-invalid set/removed correctly,4,Proficient,Two of three ARIA requirements met,3,Developing,One requirement met,2,Incomplete,No accessible output,1
Assignment 2 – Interactive Calculator,Code quality,,false,Excellent,"Named functions, const throughout, no var, descriptive variable names, no eval()",4,Proficient,Named functions; minor style issues,3,Developing,Some named functions; var used,2,Incomplete,Anonymous functions throughout; unclear names,1
Assignment 2 – Interactive Calculator,Rationale,,false,Excellent,"Specific, honest, addresses all four prompts",4,Proficient,Addresses three prompts,3,Developing,Vague or two prompts,2,Incomplete,Missing,1
Assignment 3 – DOM Pattern Library,Accordion,,false,Excellent,One-open-at-a-time behavior; aria-expanded and aria-controls correct; trigger is <button> in heading,4,Proficient,Functional; one ARIA attribute missing or incorrect,3,Developing,Functional; no ARIA,2,Incomplete,Non-functional,1
Assignment 3 – DOM Pattern Library,Tabs,,false,Excellent,Correct ARIA roles; aria-selected updates; arrow key navigation works; panels show/hide,4,Proficient,Correct roles and selection; no arrow key nav,3,Developing,Functional tabs; no ARIA,2,Incomplete,Non-functional,1
Assignment 3 – DOM Pattern Library,Live filter,,false,Excellent,Filters on input; count updates; empty state shown; aria-live present; proper label,4,Proficient,Filters and counts; missing empty state or aria-live,3,Developing,Filters; no count or accessibility,2,Incomplete,Non-functional,1
Assignment 3 – DOM Pattern Library,Code structure,,false,Excellent,Named init functions; no innerHTML for dynamic content; event delegation where appropriate,4,Proficient,Named functions; one innerHTML for static content,3,Developing,Partial structure; mixed concerns,2,Incomplete,All logic inline or anonymous,1
Assignment 3 – DOM Pattern Library,Keyboard accessibility,,false,Excellent,All three patterns keyboard-operable; visible focus styles present,4,Proficient,Two patterns keyboard-operable,3,Developing,One pattern keyboard-operable,2,Incomplete,No keyboard support,1
Assignment 3 – DOM Pattern Library,Rationale,,false,Excellent,"Specific, honest, addresses all four prompts",4,Proficient,Addresses three prompts,3,Developing,Vague or two prompts,2,Incomplete,Missing,1
Assignment 4 – API Data Story,Async handling,,false,Excellent,"response.ok checked; try/catch/finally used; all three states (loading, success, error) produce distinct, appropriate UI",4,Proficient,Two states handled; response.ok checked,3,Developing,One state handled; no response.ok check,2,Incomplete,No error handling,1
Assignment 4 – API Data Story,Data normalization,,false,Excellent,Normalization function covers all rendered fields; default values for missing data; rendering code uses only normalized objects,4,Proficient,Two of three fields normalized; some raw API fields in renderer,3,Developing,Minimal normalization; several raw API fields used directly in the renderer,2,Incomplete,No normalization; raw API data passed directly to renderer,1
Assignment 4 – API Data Story,Search / filter,,false,Excellent,User control triggers data update; empty results handled,4,Proficient,Control works; empty results not handled,3,Developing,Control partially functional,2,Incomplete,No interactive control,1
Assignment 4 – API Data Story,Accessible async,,false,Excellent,aria-live on results region; loading/error messages are text-based and descriptive; focus managed on detail view,4,Proficient,aria-live present; text messages present; focus not managed,3,Developing,Partially accessible,2,Incomplete,No accessible state management,1
Assignment 4 – API Data Story,Code structure,,false,Excellent,"Named functions for fetch, normalize, and each UI state; no innerHTML with API data",4,Proficient,Named functions; one minor innerHTML issue,3,Developing,Partial function separation,2,Incomplete,All logic inline,1
Assignment 4 – API Data Story,Rationale,,false,Excellent,"Specific, honest, addresses all five prompts including the API viability check",4,Proficient,Addresses four prompts,3,Developing,Vague or two or three prompts,2,Incomplete,Missing,1
Assignment 5 – Modular Refactor,Module structure,,false,Excellent,"All required files present (main, api, normalize, render, events, constants); one-sentence responsibility comment at top of each",4,Proficient,Four of six files with correct responsibilities,3,Developing,Two or three files; responsibilities mixed,2,Incomplete,Single file; no modules,1
Assignment 5 – Modular Refactor,Export / import correctness,,false,Excellent,All exports named; all imports explicit with correct relative paths; no accidental globals,4,Proficient,"Minor import issue (missing .js extension, incorrect path)",3,Developing,Imports partially working,2,Incomplete,Module syntax errors prevent running,1
Assignment 5 – Modular Refactor,Dependency direction,,false,Excellent,api.js and normalize.js have no DOM access; render.js does not call fetch; main.js only initializes,4,Proficient,One minor violation,3,Developing,Two violations,2,Incomplete,No separation of concerns,1
Assignment 5 – Modular Refactor,Vite workflow,,false,Excellent,npm run dev works; npm run build succeeds; node_modules/ and dist/ in .gitignore,4,Proficient,Dev works; build works; one gitignore omission,3,Developing,Dev works; build not attempted,2,Incomplete,npm run dev fails,1
Assignment 5 – Modular Refactor,Functional equivalence,,false,Excellent,Refactored app behaves identically to original; no features lost,4,Proficient,One feature regressed,3,Developing,Significant functionality missing,2,Incomplete,App non-functional,1
Assignment 5 – Modular Refactor,Rationale,,false,Excellent,"Specific, honest, addresses all four prompts",4,Proficient,Addresses three prompts,3,Developing,Vague or two prompts,2,Incomplete,Missing,1
Assignment 6 – Reactive Form Workflow,Component decomposition,,false,Excellent,"All six child components present (StepIndicator, Step1, Step2, Step3, ReviewStep, SuccessView) with correct responsibilities; data flows down via props, events flow up via emits",4,Proficient,Four components; one minor responsibility leak,3,Developing,Three components; some prop mutation,2,Incomplete,Single-component app,1
Assignment 6 – Reactive Form Workflow,Reactive form state,,false,Excellent,v-model on all inputs; computed used for derived value; review reflects parent data via props,4,Proficient,v-model used; no computed,3,Developing,Mixed v-model and manual handlers,2,Incomplete,Manual DOM reads,1
Assignment 6 – Reactive Form Workflow,Validation,,false,Excellent,All three steps validate before advancing; error messages inline and linked via aria-describedby; aria-invalid set correctly,4,Proficient,Two steps validate; error messages present,3,Developing,One step validates,2,Incomplete,No validation,1
Assignment 6 – Reactive Form Workflow,Step flow,,false,Excellent,"Advancing, going back, and submitting work correctly; review shows complete data; success view resets app",4,Proficient,Advancing and submitting work; back navigation missing,3,Developing,Forward flow works; review incomplete,2,Incomplete,Flow non-functional,1
Assignment 6 – Reactive Form Workflow,Accessibility,,false,Excellent,"Focus managed on step change; live announcements work; labels, error links, and submit text are clear; step indicator communicates progress accessibly",4,Proficient,Most accessibility requirements met; one minor gap remains,3,Developing,Some accessibility work present; several requirements incomplete,2,Incomplete,Little or no accessibility support,1
Assignment 6 – Reactive Form Workflow,Rationale,,false,Excellent,"Specific, honest, addresses all four prompts",4,Proficient,Addresses three prompts,3,Developing,Vague or two prompts,2,Incomplete,Missing,1
Final Project – Campus or Community Tool,Functionality,,false,Excellent,All stated features work correctly; three distinct interactions functional; no broken states,4,Proficient,Most features work; one interaction has minor issues,3,Developing,Core feature works; secondary features incomplete or broken,2,Incomplete,Non-functional or only partially loads,1
Final Project – Campus or Community Tool,Remote data,,false,Excellent,"Fetch with response.ok check; try/catch/finally; loading, success, error, and empty states all handled distinctly",4,Proficient,Three of four states handled; response.ok checked,3,Developing,Two states handled,2,Incomplete,No fetch or no error handling,1
Final Project – Campus or Community Tool,Persistence,,false,Excellent,"localStorage feature correctly reads on load, writes on change, and handles first-visit null case; JSON.stringify/parse used for objects",4,Proficient,Feature works; first-visit case not handled,3,Developing,Feature present but broken on reload,2,Incomplete,No localStorage,1
Final Project – Campus or Community Tool,Code organization,,false,Excellent,Four module files with responsibility comments; useful README.md; no circular dependencies; no innerHTML with external data; no var,4,Proficient,Three files or README has minor gaps; one minor violation,3,Developing,Two files; weak or missing documentation; some mixing,2,Incomplete,Single file,1
Final Project – Campus or Community Tool,Responsive design,,false,Excellent,"Mobile-first; custom properties for all design values; layout functional at 375px, 768px, and 1280px",4,Proficient,Responsive with minor gap at one size,3,Developing,Partially responsive; some custom properties,2,Incomplete,Not responsive,1
Final Project – Campus or Community Tool,Accessibility,,false,Excellent,Validates; skip nav; alt text; keyboard-operable; aria-live; contrast passes; focus visible,4,Proficient,Four of six criteria,3,Developing,Three criteria,2,Incomplete,Two or fewer,1
Final Project – Campus or Community Tool,Commit history,,false,Excellent,10+ meaningful commits distributed across the build period,4,Proficient,7–9 commits; most meaningful,3,Developing,4–6 commits,2,Incomplete,3 or fewer; or all on one day,1
Final Project – Course Reflection,Depth and specificity,,false,Excellent,"All five prompts answered with specific, concrete details from the project; demonstrates genuine self-assessment",4,Proficient,Four prompts answered specifically,3,Developing,Three prompts; answers somewhat vague,2,Incomplete,Two or fewer prompts; very vague,1
Final Project – Course Reflection,Technical honesty,,false,Excellent,Identifies real weaknesses and specific things to change; does not claim everything went perfectly,4,Proficient,Identifies some weaknesses,3,Developing,Weaknesses mentioned but not specific,2,Incomplete,Claims no weaknesses or missing,1
Final Project – Course Reflection,Growth evidence,,false,Excellent,Reflection on accessibility prompt shows concrete shift in understanding from start to end of course,4,Proficient,Some growth evident,3,Developing,Accessibility prompt answered generically,2,Incomplete,Not addressed,1
Project 1 – Interactive Style Guide,Design tokens,,false,Excellent,"All colors, spacing, and type tokens defined as custom properties; swatch/bar visualizations present and labeled; no magic numbers in CSS",4,Proficient,Most tokens defined; visualizations present; 1–2 magic numbers,3,Developing,Tokens partially defined; no visualization,2,Incomplete,No custom properties,1
Project 1 – Interactive Style Guide,Component completeness,,false,Excellent,All six sections present and functional; cards rendered from data array; buttons show all four states,4,Proficient,Five sections present; cards hardcoded; three button states,3,Developing,Four sections present; significant gaps,2,Incomplete,Three or fewer sections,1
Project 1 – Interactive Style Guide,Interactive patterns,,false,Excellent,"Both chosen patterns functional, keyboard-accessible, and ARIA-correct",4,Proficient,Both functional; one ARIA attribute missing,3,Developing,One pattern functional,2,Incomplete,Neither pattern functional,1
Project 1 – Interactive Style Guide,Code organization,,false,Excellent,CSS in separate files by responsibility; JS in separate files with responsibility comments; no mixed concerns,4,Proficient,Two files each; minor mixing,3,Developing,One CSS file; one JS file,2,Incomplete,Single monolithic file,1
Project 1 – Interactive Style Guide,Accessibility,,false,Excellent,All interactive elements keyboard-operable; contrast passes; ARIA used correctly; focus visible,4,Proficient,Three of four criteria,3,Developing,Two criteria,2,Incomplete,One or none,1
Project 1 – Interactive Style Guide,Proposal and rationale,,false,Excellent,Proposal submitted on time with all six elements (including accessibility plan); rationale addresses all four prompts specifically,4,Proficient,Proposal complete; accessibility plan vague; rationale addresses three prompts,3,Developing,Proposal partially complete; rationale vague,2,Incomplete,Proposal missing or rationale missing,1
Project 2 – Data-Driven Micro-App,Async handling,,false,Excellent,"response.ok checked; try/catch/finally used; loading, success, error, and empty states all produce distinct, appropriate UI",4,Proficient,Three states handled; response.ok checked,3,Developing,Two states handled; no response.ok check,2,Incomplete,No error handling,1
Project 2 – Data-Driven Micro-App,User interaction,,false,Excellent,"Two interaction types functional; interactions work together (e.g., search + filter both active simultaneously)",4,Proficient,Two types present; minor interaction conflict,3,Developing,One type functional,2,Incomplete,No user interaction beyond initial load,1
Project 2 – Data-Driven Micro-App,Persistence,,false,Excellent,Two persistence features implemented; preferences restored correctly on page load; JSON.stringify/parse used correctly,4,Proficient,Two features present; one restoration issue,3,Developing,One feature implemented,2,Incomplete,No localStorage use,1
Project 2 – Data-Driven Micro-App,Module structure,,false,Excellent,All five required files present; each file has one responsibility and a comment; no circular imports,4,Proficient,Four files with correct responsibilities,3,Developing,Three files; some mixing,2,Incomplete,Single file or no modules,1
Project 2 – Data-Driven Micro-App,Accessibility,,false,Excellent,aria-live on results; text-based state messages; labels on all controls; focus managed,4,Proficient,Three of four criteria,3,Developing,Two criteria,2,Incomplete,One or none,1
Project 2 – Data-Driven Micro-App,Proposal and rationale,,false,Excellent,Proposal complete with all six elements; README.md present and useful; rationale walks through code flow specifically,4,Proficient,Proposal complete; README or rationale has minor gaps,3,Developing,Proposal partially complete; documentation thin,2,Incomplete,Missing,1
